itemName,nRecs
Fire Shard,955
Ice Shard,1001
Wind Shard,1994
Earth Shard,853
Lightning Shard,974
Water Shard,1454
Fire Crystal,1131
Ice Crystal,1564
Wind Crystal,3098
Earth Crystal,1814
Lightning Crystal,1823
Water Crystal,1779
Fire Cluster,1217
Ice Cluster,885
Wind Cluster,1791
Earth Cluster,1248
Lightning Cluster,1362
Water Cluster,1242
Bronze Bastard Sword,2
Viking Sword,1
Blunt Bastard Sword,1
Brass Bastard Sword,1
Blunt Goblin Scimitar,1
Nicked Viking Sword,1
Blunt Goblin Longsword,1
Blunt Aeolian Scimitar,1
Bronze Knuckles,1
Chipped Hora,1
Bronze War Axe,1
Iron War Axe,2
Inferno Axe,1
Notched Bill,1
Crooked Guisarme,1
Maple Shortbow,1
Maple Longbow,2
Wrapped Maple Longbow,1
Ash Shortbow,1
Warped Bow,1
Mythril Cavalry Bow,1
Oak Composite Bow,1
Maple Wand,2
Ash Wand,2
Yew Wand,1
Yew Crook,1
Splintered Cane,1
Copper Scepter,1
Damaged Cudgel,1
Silver Scepter,1
Bone Staff,1
Ramhorn Staff,1
Staghorn Staff,1
Goathorn Staff,1
Leather Grimoire,1
Hard Leather Grimoire,1
Goatskin Grimoire,1
Brittle Picatrix,1
Book of Silver,1
Book of Electrum,1
Worm-eaten Square Shield,1
Tarnished Hoplon,1
Notched Buckler,1
Bronze Buckler,2
Rusting Scutum,1
Rotting Round Shield,1
Iron Scutum,1
Scarred Kite Shield,1
Amateur's Saw,1
Steel Claw Hammer,1
Crowsbeak Hammer,1
Steel Crowsbeak Hammer,1
Cobalt Cross-pein Hammer,1
Iron Raising Hammer,1
Amateur's Chaser Hammer,1
Initiate's Chaser Hammer,1
Bronze Head Knife,1
Iron Head Knife,1
Steel Awl,1
Amateur's Alembic,1
Iron Alembic,1
Mythril Alembic,1
Steel Mortar,1
Bronze Pickaxe,1
Steel Sledgehammer,1
Initiate's Hatchet,1
Steel Scythe,1
Walnut Fishing Rod,1
Rosewood Fishing Rod,1
Sinking Minnow,1
Ripped Chef's Hat,1
Bronze Barbut,1
Dented Celata,1
Moldering Jester's Cap,1
Iron Sallet,1
Silver Spectacles,1
Torn Coif,1
Mythril Spectacles,1
Mythril Elmo,1
Legionary Visor,1
Frayed Cotton Doublet Vest,1
Moth-eaten Coatee,1
Stained Chef's Apron,1
Blackened Scale Mail,1
Ripped Haubergeon,1
Moth-eaten Seneschal Coatee,1
Tattered Robe,1
Ripped Hose,1
Bronze Mitt Gauntlets,1
Blackened Smithy's Gloves,1
Boarskin Ringbands,6
Leather Duckbills,2
Mildewed Thighboots,1
Greasy Half Apron,1
Frayed Chef's Belt,1
Cracked Shepherd's Belt,1
Rope Belt,3
Mega-Potion,1
X-Potion,1
Mega-Ether,1
X-Ether,1
Antidote,1
Weak Poisoning Potion,1
Weak Blinding Potion,1
Weak Silencing Potion,1
Paralyzing Potion,1
Potent Poisoning Potion,1
Potent Sleeping Potion,1
Hi-Potion of Mind,1
Mega-Potion of Intelligence,2
Mega-Potion of Mind,1
Fire Ward Hi-Potion,1
Grilled Dodo,1
Aldgoat Steak,1
Smoked Raptor,1
Sauteed Coeurl,1
Fried Egg,1
Scrambled Eggs,1
Salt Cod,1
Dzemael Gratin,1
Spinach Saute,1
Flatbread,2
Walnut Bread,9
Honey Muffin,2
Acorn Cookie,2
Knight's Bread,3
Finger Sandwich,2
Raisins,3
Ginger Cookie,1
Pineapple Ponzecake,2
Bubble Chocolate,2
Orange Juice,2
Grape Juice,1
Chamomile Tea,1
Mulled Tea,1
Mineral Water,61
Aldgoat Milk,14
Buffalo Milk,74
Cottage Cheese,6
Blue Cheese,3
Cream Cheese,10
Rolanberry Cheese,3
Marmot Meat,2
Mutton Loin,2
Dodo Tenderloin,4
Mole Meat,1
Young Dodo Roaster,1
Chicken Breast,6
Antelope Shank,3
Aldgoat Chuck,3
Raptor Shank,4
Buffalo Sirloin,2
Eft Tail,4
Orobon Liver,1
Megalocrab Leg,12
Chicken Egg,14
Dodo Egg,4
Puk Egg,4
Apkallu Egg,15
Malm Kelp,2
Wild Onion,31
Coerthan Carrot,14
Ogre Pumpkin,3
Ruby Tomato,19
Alpine Parsnip,3
La Noscean Lettuce,14
Cieldalaes Spinach,5
Highland Parsley,11
Paprika,9
Nopales,1
Popoto,15
Wizard Eggplant,3
Midland Cabbage,4
Aloe,2
Salt Leek,3
Ramhorn Zucchini,6
Maiden Artichoke,1
Shriekshroom,6
Chanterelle,4
Gil Bun,5
Button Mushroom,5
White Truffle,3
Black Truffle,2
Kukuru Bean,7
Cinderfoot Olive,21
Gridanian Chestnut,1
Gridanian Walnut,12
Iron Acorn,3
Lowland Grapes,5
La Noscean Orange,7
Faerie Apple,12
Sun Lemon,8
Pixie Plums,2
Alligator Pear,2
Blood Currants,3
Rolanberry,11
Prickly Pineapple,6
Buffalo Beans,4
Sticky Rice,12
Lalafellin Lentil,1
Millioncorn,7
Jade Peas,1
Rye,14
Sunset Wheat,57
Rye Flour,13
Sunset Wheat Flour,54
Cornmeal,6
Cinnamon,15
Garlean Garlic,33
Black Pepper,29
Cloves,20
Marjoram,1
Vanilla Beans,3
Galago Mint,4
Ala Mhigan Mustard,3
Pearl Ginger,8
Midland Basil,8
Dragon Pepper,6
Laurel,7
Mugwort,13
Thyme,6
Almonds,4
Desert Saffron,8
Nutmeg,12
Sagolii Sage,5
Thanalan Tea Leaves,7
Table Salt,78
Maple Sugar,23
Maple Syrup,32
Honey,13
Sweet Cream,33
Smooth Butter,43
Kukuru Butter,4
Kukuru Powder,4
Clove Oil,14
Olive Oil,20
Lavender Oil,5
Cider Vinegar,9
Dark Vinegar,3
Pie Dough,12
Sour Red,5
Gelatin,11
Fish Stock,7
Tomato Sauce,10
Dodo Stuffing,1
Chicken Stock,4
Gysahl Greens,10
Lominsan Anchovy,1
Finger Shrimp,2
Coral Butterfly,14
Tiger Cod,2
Helmet Crab,1
Rothlyt Oyster,2
Navigator's Dagger,1
Razor Clam,1
Blowfish,2
Bianaq Bream,4
Black Sole,1
Hammerhead Shark,25
Indigo Herring,1
Ash Tuna,2
Fullmoon Sardine,2
Haraldr Haddock,1
Whitelip Oyster,7
Silver Shark,25
Raincaller,1
Rock Lobster,1
Mahi-Mahi,1
Mazlaya Marlin,1
Megalodon,2
Crayfish,1
Princess Trout,10
Dusk Goby,1
Pipira,1
Crimson Crayfish,1
Brass Loach,12
Maiden Carp,1
Bluebell Salmon,2
Warmwater Trout,1
Black Eel,1
Dark Bass,1
Yugr'am Salmon,2
Velodyna Carp,1
Northern Pike,1
Giant Catfish,1
Emperor Fish,1
Takitaro,1
Cloud Cutter,1
Allagan Snail,2
Tree Toad,1
Dart Frog,3
Lava Toad,1
Bronze Ingot,129
Iron Ingot,202
Steel Ingot,251
Cobalt Ingot,259
Darksteel Ingot,51
Darksteel Nugget,229
Copper Ingot,26
Brass Ingot,100
Silver Ingot,163
Mythril Ingot,187
Electrum Ingot,258
Rose Gold Ingot,28
Rose Gold Nugget,229
Gold Ingot,184
Bronze Plate,27
Iron Plate,44
Steel Plate,62
Cobalt Plate,63
Darksteel Plate,47
Mythril Plate,30
Bronze Rings,7
Iron Rings,8
Steel Rings,5
Cobalt Rings,15
Darksteel Rings,18
Copper Rings,2
Brass Rings,4
Silver Rings,2
Mythril Rings,17
Electrum Rings,3
Bronze Rivets,36
Iron Rivets,49
Steel Rivets,53
Cobalt Rivets,56
Darksteel Rivets,23
Mythril Rivets,29
Garlean Steel Joint,5
Garlean Steel Plate,5
Copper Ore,792
Tin Ore,130
Zinc Ore,101
Iron Ore,1432
Silver Ore,647
Mythril Ore,352
Electrum Ore,488
Cobalt Ore,537
Gold Ore,760
Peacock Ore,29
Platinum Ore,282
Darksteel Ore,344
Obsidian,2
Wyvern Obsidian,16
Dragon Obsidian,5
Wyrm Obsidian,5
Raw Sunstone,7
Raw Danburite,7
Raw Malachite,7
Raw Sphene,7
Raw Fluorite,7
Raw Lapis Lazuli,11
Raw Garnet,9
Raw Goshenite,7
Raw Peridot,7
Raw Heliodor,7
Raw Amethyst,7
Raw Aquamarine,9
Raw Rubellite,17
Raw Zircon,13
Raw Tourmaline,20
Raw Amber,107
Raw Spinel,18
Raw Turquoise,18
Raw Ruby,30
Raw Diamond,22
Raw Emerald,10
Raw Topaz,10
Raw Iolite,21
Raw Sapphire,20
Fire Rock,10
Ice Rock,4
Wind Rock,5
Earth Rock,6
Lightning Rock,6
Water Rock,5
Astral Rock,13
Red Quartz,9
Blue Quartz,29
Violet Quartz,26
Jade,28
Sunstone,6
Danburite,6
Malachite,6
Sphene,6
Fluorite,6
Lapis Lazuli,10
Garnet,5
Goshenite,5
Peridot,5
Heliodor,5
Amethyst,5
Aquamarine,7
Rubellite,15
Zircon,11
Tourmaline,18
Amber,12
Spinel,16
Turquoise,16
Ruby,29
Diamond,21
Emerald,9
Topaz,9
Iolite,20
Sapphire,19
Pearl,4
Black Pearl,5
Jadeite,26
Marbled Eye,15
Eye of Fire,8
Eye of Ice,3
Eye of Wind,4
Eye of Earth,5
Eye of Lightning,5
Eye of Water,4
Astral Eye,8
Pinprick Pebble,2
Radiant Astral Eye,2
Astral Moraine,87
Ragstone,23
Mudstone,38
Limestone,111
Siltstone,43
Stiperstone,281
Ragstone Whetstone,18
Mudstone Whetstone,19
Siltstone Whetstone,20
Aqueous Whetstone,39
Basilisk Whetstone,173
Basilisk Egg,175
Fine Sand,103
Copper Sand,5
Iron Sand,8
Silver Sand,9
Mythril Sand,5
Electrum Sand,9
Gold Sand,55
Minium,103
Leather,64
Hard Leather,76
Aldgoat Leather,107
Toad Leather,47
Boar Leather,146
Peiste Leather,26
Raptor Leather,79
Dodore Leather,8
Uraeus Leather,11
Hippogryph Leather,183
Hard Hippogryph Leather,30
Coeurl Fur,11
Animal Skin,72
Animal Hide,77
Aldgoat Skin,110
Gigantoad Skin,48
Boar Hide,148
Peiste Skin,28
Karakul Skin,5
Raptor Skin,80
Dodore Wing,9
Uraeus Skin,12
Hippogryph Skin,185
Coeurl Skin,12
Animal Sinew,29
Beast Sinew,39
Diremite Sinew,26
Hippogryph Sinew,36
Raptor Sinew,73
Undyed Hempen Cloth,71
Undyed Cotton Cloth,76
Undyed Velveteen,76
Undyed Linen,70
Undyed Woolen Cloth,161
Undyed Felt,125
Vanya Silk,47
Hempen Yarn,94
Cotton Yarn,182
Dew Thread,175
Linen Yarn,185
Woolen Yarn,226
Silk Thread,216
Carbon Fiber,18
Garlean Fiber,4
Moko Grass,105
Straw,45
Cotton Boll,328
Diremite Web,176
Flax,375
Fleece,436
Apkallu Down,30
Snurble Tufts,130
Silkworm Cocoon,418
Cock Feather,10
Crow Feather,10
Dodo Feather,4
Swan Feather,4
Eagle Feather,9
Chocobo Feather,23
Wildfowl Feather,40
Maple Lumber,46
Ash Lumber,66
Bamboo Stick,12
Cedar Lumber,57
Elm Lumber,79
Yew Lumber,42
Walnut Lumber,145
Pine Lumber,37
Oak Lumber,90
Mahogany Lumber,104
Teak Lumber,17
Rosewood Lumber,88
Ebony Lumber,33
Spruce Lumber,82
Treated Spruce Lumber,21
Maple Log,49
Ash Log,77
Cedar Log,58
Elm Log,92
Yew Log,48
Walnut Log,147
Pine Log,38
Oak Log,132
Mahogany Log,106
Teak Log,18
Rosewood Log,94
Ebony Log,34
Spruce Log,104
Maple Branch,8
Ash Branch,12
Cedar Branch,6
Yew Branch,12
Oak Branch,11
Rosewood Branch,14
Bone Chip,20
Soiled Femur,6
Ram Horn,5
Antelope Horn,12
Aldgoat Horn,44
Mossy Horn,3
Ogre Horn,2
Bat Fang,9
Wolf Fang,11
Goobbue Fang,1
Sandworm Fang,7
Biast Scales,15
Drake Scales,15
Yellow Yarzon Leg,2
Blue Yarzon Leg,3
Green Megalocrab Shell,3
Adamantoise Shell,8
White Coral,6
Blue Coral,3
Red Coral,8
Sunrise Tellin,6
Blacklip Oyster,8
Cactuar Needle,1
Growth Formula Alpha,5
Growth Formula Beta,21
Growth Formula Gamma,31
Growth Formula Delta,13
Growth Formula Delta Concentrate,5
Enchanted Copper Ink,4
Enchanted Iron Ink,7
Enchanted Silver Ink,8
Enchanted Mythril Ink,4
Enchanted Electrum Ink,7
Enchanted Gold Ink,53
Enchanted Rose Gold Ink,13
Fish Oil,8
Jellyfish Humours,6
Crab Oil,10
Linseed Oil,116
Shark Oil,24
Distilled Water,105
Muddy Water,106
Quicksilver,107
Vitriol,78
Effervescent Water,973
Beastkin Blood,15
Scalekin Blood,15
Spoken Blood,74
Viscous Secretions,9
Acidic Secretions,11
Formic Acid,2
Maple Sap,33
Treant Sap,5
Potash,121
Lime Sulphur,7
Animal Glue,7
Fish Glue,13
Horn Glue,24
Void Glue,24
Wing Glue,33
Scale Glue,14
Latex,192
Rubber,191
Clear Glass Lens,80
Potter's Clay,57
Humus,26
Beeswax,42
Beehive Chip,58
Lanolin,4
Rock Salt,689
Cinnabar,108
Saltpeter,38
Natron,499
Silex,140
Alumen,292
Black Alumen,318
Grenade Ash,255
Brimstone,49
Bomb Ash,256
Coke,65
Animal Fat,34
Hardened Sap,29
Garlean Rubber,7
Tinolqa Mistletoe,2
Matron's Mistletoe,4
Mistletoe,6
Thavnairian Mistletoe,12
Yellow Ginseng,1
Lavender,8
Carnation,3
Belladonna,2
Chamomile,5
Mandrake,3
Lamp Marimo,1
Trillium,5
Trillium Bulb,24
Vampire Plant,4
Red Landtrap Leaf,2
Blue Landtrap Leaf,41
Puk Wing,1
Bat Wing,16
Imp Wing,1
Ahriman Wing,37
Morbol Vine,11
Ochu Vine,8
Jellyfish Cnida,3
Jellyfish Umbrella,31
Pudding Flesh,33
Moor Leech,2
Grass Viper,4
Tarantula,2
White Scorpion,1
Black Scorpion,5
Bloody Lance Head,1
Bloody Bardiche Head,1
Bloody Cesti Covers,1
Bloody Bow Rim,1
Bloody Grimoire Binding,2
Mailbreaker Blade,1
Avenger Grips,1
Rampager Head,1
Obelisk Head,1
Sarnga Limb,1
Suspended Trillium Flower,1
Astrolabe Clinometer,1
Vanya Silk Hat Lining,2
Vanya Silk Robe Lining,2
Vanya Silk Glove Lining,2
Vanya Silk Crakow Lining,1
Gryphonskin Shoulder Guards,1
Gryphonskin Shin Guards,1
Gryphonskin Elbow Pads,1
Gryphonskin Knee Pads,1
Darksteel Breastplate,1
Darksteel Gauntlet Plates,1
Darksteel Couters,1
Rose Gold Clasps,2
Tiny Crown,2
Terebinth,93
Wine Red Dye,1
Sky Blue Dye,1
Blue Pigment,6
Red Pigment,4
Yellow Pigment,2
Grey Pigment,2
Brown Pigment,4
Green Pigment,5
Purple Pigment,5
Tallow Candle,68
Beeswax Candle,19
Cherry Bomb,1
Noble Grapes,6
Mirror Apple,4
Honey Lemon,2
Dzemael Tomato,9
Night Milk,24
Coeurl Meat,2
Cooking Sherry,5
Volcanic Rock Salt,355
Filtered Water,150
Voidsent Blood,25
Behemoth Horn,1
Ifrit's Horn,2
Inferno Horn,17
Garuda's Feather,2
Vortex Feather,17
Titan's Heart,2
Crag Heart,17
Odin's Mantle,1
Morbol Seedling,1
ADS Plating,2
ADS Frame,2
ADS Illuminant,2
Glade Pendant Lamp,10
Campfire,1
Stump Stool,1
Firewood,7
Riviera Armchair,1
Walnut Dining Table,10
Manor Fireplace,1
Glade Lantern,1
Ink & Quill,3
Stuffed Moogle,1
Eorzean Map,1
Dimension Blade Fragment,1
Moggle Mog XII's Whisker,3
Granite,107
Cut Stone,79
Marble,36
Bloodgrass,5
Maiden Grass,3
Firebricks,9
Clinker Bricks,14
Roof Tile,20
Mortar,94
Varnish,92
Iron Nails,12
Steel Nails,11
Cobalt Nails,13
Iron Joint Plate,17
Steel Joint Plate,19
Cobalt Joint Plate,20
Steel Hinge,24
Cotton Canvas,5
Linen Canvas,10
Felt Lining,15
Sylphic Silk,15
Island Seedling,11
Shroud Seedling,14
Desert Seedling,7
Lotus Leaf,1
Ishgardian Steel Ingot,5
Carnivorous Seedling,2
Dungeon Seedling,3
Seagrot Water,1
Amdapori Stone,4
Fine Wax,16
Nymian Orb,1
Belah'dian Glass,3
Blue Fox Hide,15
Chinchilla Hide,3
Ahriman Tears,11
Exquisite Buttons,6
Morbol Saliva,5
Cutting Oil,3
Frosted Glass Lens,19
Stuffed Ahriman,1
White Raven Armor Fragment,2
Stone Vigil Lumber,6
Leviathan's Barb,3
Barb of the Whorl,1
Kingly Whisker,17
Heavy Wolfram Cuirass,1
Wolfram Cuirass,1
Saurian Shirt of Striking,1
Saurian Tabard of Aiming,1
Cashmere Robe of Healing,1
Cashmere Robe of Casting,1
Mossy Stone Sword,1
Mossy Stone Axe,1
Mossy Stone Claws,1
Mossy Stone Spear,1
Mossy Stone Bow,1
Mossy Stone Staff,1
Mossy Stone Rod,1
Weathered Tome,1
Faded Tome,1
Ferberite,159
Native Gold,185
Scarlet Sap,51
Shroud Tea Leaves,58
Apricot,2
La Noscean Leek,3
Young Cieldalaes Spinach,3
Blood Orange,1
Petrified Log,55
Scheelite,159
Raziqsand,186
Saurian Skin,58
Cashmere Fleece,64
Emery,111
Star Anise,3
Dalamud Popoto,4
Royal Kukuru Bean,3
Canard Breast,2
Ancient Lumber,49
Wolfram Ingot,138
Saurian Leather,56
Cashmere Cloth,61
Spruce Plywood,1
Darksteel Hook,1
Darksteel Wire,1
Rose Gold Cog,1
Gryphonskin Strap,1
Silver Brocade,1
Spirits of Salt,1
Spicy Tomato Relish,1
Diluted Vitriol,74
Clear Prism,1
La Noscean Lettuce Seeds,1
Millioncorn Seeds,1
Umbrella Fig Seeds,1
Halone Gerbera,1
Azeyma Rose,1
Nymeia Lily,2
Dress Material,4
Mariner Cotton Cloth,11
Umbrella Fig,1
Jute,7
Glazenut,22
Broombush,3
Jute Yarn,6
Light Steel Plate,2
Taffeta Cloth,2
Tawny Latex,82
Terminus Putty,81
Manor Varnish,8
Curiel Root,2
Sylkis Bud,2
Mimett Gourd,2
Tantalplant,2
Pahsana Fruit,2
Worm of Nym,1
Aetherlouse,1
Stuffed Goblin,1
Cast-iron Cookpot,1
Throne Gem,1
Levin Orb,3
Large Levin Orb,17
Rush Grass,4
Young Water Lily,2
Pearl Roselle,1
Waterfowl Feather,5
Floss Silk,7
Mist Silk,5
Waterproof Cotton Cloth,6
Polarized Glass,7
Wolfram Square,26
Bladder Component Materials,1
Bladder Lining Component Materials,1
Starboard Hull Component Materials,1
Larboard Hull Component Materials,1
Gyrodrive Component Materials,1
Rigging Component Materials,1
Deck Component Materials,1
Engine Casing Component Materials,1
Crafting Tool Component Materials,1
Cockpit Exterior Component Materials,1
Cockpit Interior Component Materials,1
Ballast Component Materials,1
Instrument Panel Component Materials,1
Aerodynamo Component Materials,1
Starboard Wing Component Materials,1
Larboard Wing Component Materials,1
Starboard Wing Control Component Materials,1
Larboard Wing Control Component Materials,1
Transmission Component Materials,1
Heat Vent Component Materials,1
Speaking Tube Component Materials,1
Lamp Component Materials,1
Exhaust Outlet Component Materials,1
Disposal Unit Component Materials,1
Ceruleum Tank Component Materials,1
Steering Mechanism Component Materials,1
Escape Flyer Component Materials,1
Spare Tank Component Materials,1
Refabrication Component Materials,1
Isolator Component Materials,1
Hyperconductor Component Materials,1
Auxiliary Aerodynamo Component Materials,1
Decorative Plating Component Materials,1
Hull Interior Component Materials,1
Propulsion Engine Component Materials,1
Engine Jointing Component Materials,1
Helm Component Materials,1
Finishing Component Materials,1
Figurehead Component Materials,1
Battlecraft Demimateria I,24
Battlecraft Demimateria II,31
Battlecraft Demimateria III,300
Fieldcraft Demimateria I,17
Fieldcraft Demimateria II,39
Fieldcraft Demimateria III,113
Demimateria of the Inferno,16
Demimateria of the Vortex,16
Demimateria of Crags,16
Demimog Demimateria,16
Mastercraft Demimateria,48
Onion Prince Seeds,1
Eggplant Knight Seeds,1
Garlic Jester Seeds,1
Tomato King Seeds,1
Mandragora Queen Seeds,1
Adventurers' Guild Aduyses,1
Cracked Daggers,1
Quick-hardening Sealant,18
Xelphatol Spring Water,1
Wootz Ingot,93
Platinum Nugget,53
Platinum Ingot,213
Kirimu Leather,110
Arachne Velveteen,61
Allagan Wootz Nugget,94
Allagan Leather,112
Allagan Silk,62
Borax,141
Arachne Web,107
Wootz Ore,94
Raziqsap,214
Dubbin,135
Smoked Bacon,5
Roasted Coffee Beans,2
Enchanted Platinum Ink,22
Bloody Knife Blades,1
Mossy Stone Daggers,1
Allagan Catalyst,72
Ice Tear,2
Diamond Tear,2
Syrcus Shard,1
Burning Auricle,1
Misericorde Blades,1
Cypress Log,23
Pumice,2
Belah'dian Silver,2
Aged Eye of Fire,1
Aged Spear Shaft,1
Aged Mortar Pieces,1
Aged Pestle Pieces,1
Aged Vellum,1
Dried Ether,1
Vintage Cooking Sherry,1
Stained Cloth,1
Pine Bonsai,1
Splintered Chest,1
Wild Banana Shoot,1
Black Limestone,7
Virgin Basilisk Egg,1
Little Worm,5
Gregarious Worm,5
Rosemary,3
Yafaem Wildgrass,5
Mazlaya Greens,5
Unaspected Crystal,17
Urushi,2
Composite Whetstone,1
Heat-resistant Plaster,1
Clear Fluorite,1
Lampblack Linseed Oil,1
Camel Hair,1
Black Cinnabar,1
Duck Bones,1
Dark Matter Cluster,1
Grade 6 Dark Matter,1
Red Moko Grass,46
Cassia Log,6
Chemically Treated Chimera Hide,2
Raw Celestine,12
Vivianite,8
Deep-red Crystal,1
Deep-red Cluster,1
Deep-green Crystal,1
Deep-green Cluster,1
Deep-blue Crystal,1
Deep-blue Cluster,2
Farreach Canvas,3
Cassia Lumber,5
High Allagan Chimera Leather,1
Gordian Gear,4
Large Gordian Gear,2
Bismarck's Baleen,2
Expanse Baleen,18
Ravana's Forewing,2
Hive Forewing,18
Mythrite Nugget,166
Mythrite Ingot,68
Hardsilver Nugget,197
Hardsilver Ingot,114
Aurum Regis Nugget,209
Aurum Regis Ingot,25
Titanium Nugget,219
Titanium Ingot,79
Adamantite Nugget,116
Adamantite Ingot,28
Mythrite Rivets,21
Titanium Rivets,48
Adamantite Rivets,26
Mythrite Sand,282
Hardsilver Sand,203
Aurum Regis Sand,240
Mythrite Ore,287
Hardsilver Ore,115
Aurum Regis Ore,26
Titanium Ore,316
Adamantite Ore,117
Cloud Mica,202
Sun Mica,31
Larimar,31
Tiger's Eye,8
Agate,20
Star Ruby,46
Star Sapphire,26
Opal,57
Citrine,5
Chrysolite,19
Mormorion,11
Carnelian,18
Raw Larimar,32
Raw Tiger's Eye,9
Raw Agate,21
Raw Star Ruby,47
Raw Star Sapphire,27
Raw Opal,58
Raw Citrine,6
Raw Chrysolite,20
Raw Mormorion,12
Raw Carnelian,19
Cloud Mica Whetstone,124
Archaeornis Leather,75
Wyvern Leather,68
Dhalmel Leather,117
Dragon Leather,76
Amphiptere Leather,114
Griffin Leather,59
Archaeornis Skin,76
Wyvern Skin,69
Dhalmel Hide,121
Dragon Skin,77
Amphiptere Skin,115
Griffin Hide,104
Bearskin,6
Yeti Fang,10
Dragon Fang,3
Griffin Talon,29
Dark Chestnut Log,442
Birch Log,119
Holy Cedar Lumber,21
Dark Chestnut Lumber,76
Hallowed Chestnut Lumber,30
Birch Lumber,77
Astral Birch Lumber,27
Dark Chestnut Branch,11
Birch Branch,10
Wattle Bark,164
Rainbow Cloth,84
Holy Rainbow Cloth,34
Ramie Cloth,78
Hallowed Ramie Cloth,26
Chimerical Felt,116
Astral Silk,45
Rainbow Thread,142
Ramie Thread,152
Crawler Silk,200
Rainbow Cotton Boll,183
Stalk of Ramie,153
Chimera Mane,120
Crawler Cocoon,201
Enchanted Mythrite Ink,16
Enchanted Hardsilver Ink,9
Enchanted Aurum Regis Ink,35
Holy Water,59
Hallowed Water,61
Astral Oil,84
Growth Formula Epsilon,10
Growth Formula Zeta,8
Bear Fat,293
Crystal Glass,48
Black Firesand,37
Grade 1 Strength Dissolvent,80
Grade 1 Dexterity Dissolvent,80
Grade 1 Vitality Dissolvent,50
Grade 1 Intelligence Dissolvent,50
Grade 1 Mind Dissolvent,50
Grade 2 Strength Dissolvent,22
Grade 2 Dexterity Dissolvent,22
Grade 2 Vitality Dissolvent,11
Grade 2 Intelligence Dissolvent,11
Grade 2 Mind Dissolvent,11
Dragon Scale,18
Deepeye Tears,342
Dhalmel Saliva,53
Dragon Blood,42
Dravanian Spring Water,178
Abalathian Spring Water,102
Skyspring Water,82
Seventh Heaven,86
Gelato Flesh,26
Wyvern Wing,96
Icetrap Leaf,11
Coneflower,59
Cow Bitter,40
Dandelion,41
Gaelicatnip,41
Rue,68
Coriander,41
Aurum Regis Cylinder,2
Thavnairian Leather,5
Thavnairian Silk,7
Atomos Corpulence,1
Steel Mainspring,1
Steel Wheel Bearing,1
Lupin Seedling,1
Iron Giant Scrap,1
Gobwalker Shielding,1
Far Eastern Coin,1
Toy Box Schema,1
Fine Alumen,6
Shrub Seedling,5
Magnanimous Mogcrown,3
Dusk Leather,4
Cloud Coral,6
Coerthan Crab,1
Fanged Clam,1
Lake Urchin,1
Blueclaw Shrimp,1
Rock Mussel,2
Blue Cloud Coral,62
Seema Patrician,2
Pipira Pira,1
Mogpom,62
Sweetfish,1
Gloaming Coral,28
Unidentified Flying Biomass,1
Spring Urchin,1
Ishgardian Tea,2
Fig Bavarois,2
Sohm Al Tart,2
Kaiser Roll,3
Ishgardian Muffin,4
Sauteed Porcini,1
Royal Eggs,1
Deep-fried Okeanis,1
Beet Soup,1
Gastornis Egg,8
Okeanis Egg,6
Loaghtan Chump,4
Dhalmel Meat,2
Okeanis Tail,3
Cockatrice Thigh,2
Pearl Sprouts,3
Cyclops Onion,18
Emerald Beans,2
Highland Wheat,28
Highland Flour,27
Coerthan Tea Leaves,147
Mist Dill,101
Chives,5
Magma Beet,2
Heavenly Kukuru Powder,2
Sesame Seeds,6
Yak Milk,53
Heavens Lemon,9
Hollandaise Sauce,4
Birch Sap,23
Birch Syrup,12
Dark Chestnut,6
Sour Cream,11
Fermented Butter,22
Old World Fig,5
Cloud Banana,2
Morel,43
Porcini,5
Chysahl Greens,25
Abalathian Rock Salt,33
Honeydew Almonds,1
Dravanian Paprika,4
Snurbleberry,2
Bouillon Cube,5
Oriental Soy Sauce,12
Oriental Miso Paste,5
Vermicelli,8
Mossy Stone Greatsword,1
Mossy Stone Cannon,1
Mossy Stone Globe,1
Celestine,11
Garlond Steel,5
Purified Coke,29
Raziqcoat,26
Dryad Sap,28
Moonbeam Silk,46
Odorless Animal Fat,60
Duskborne Aethersand,25
Dawnborne Aethersand,102
Landborne Aethersand,42
Leafborne Aethersand,27
Seaborne Aethersand,41
Dravanian Mistletoe,60
Abalathian Mistletoe,63
Red Alumen,60
Black Soil,2
Highland Oregano,2
Furymint,5
Clary Sage,82
Haddock,1
Iron Giant Core,1
Coffin Lid,1
Sephirot Sap,2
Fiend Sap,17
Stack of Tomes,1
Pile of Tomes,2
Pterodactyl Strap,1
Titanium Alloy Square,1
Blessed Fletchings,1
Moogle Miniature,1
Pterodactyl,47
Gem Marimo,2
Retribution Staff,1
Wind Silk,6
Dinosaur Leather,6
Falconer's Hemp,2
Titanium Alloy Ingot,24
Cloud Cloth,27
Pterodactyl Leather,44
Sphalerite,29
Potters Stone,1
Royal Mistletoe,9
Cloud Cotton Boll,30
Blood Pepper,12
Dravanian Mote,1
Oriental Grass Tuft,1
Cassia Block,2
Oldrose Seeds,2
Red Oldroses,1
Blue Oldroses,1
Yellow Oldroses,1
Green Oldroses,1
Orange Oldroses,1
Purple Oldroses,1
White Oldroses,1
Black Oldroses,1
Rainbow Oldroses,1
Golden Apple,3
Solstice Garlic,6
Mature Olive Oil,5
Loaghtan Fillet,2
High Mythrite Ingot,133
Eikon Mythrite,134
Lumythrite Ore,134
Eikon Iron Ingot,120
Eikon Metal,121
Smithsonite Ore,121
Eikon Cloth,39
Eikon Fiber,46
Frost Cotton Boll,40
Eikon Leather,79
Eikon Hide,80
Treated Camphorwood Lumber,87
Camphorwood Lumber,8
Camphorwood Log,9
Camphorwood Branch,135
Camphor,134
Gobcraft Resin,88
Grade 3 Strength Dissolvent,16
Grade 3 Dexterity Dissolvent,16
Grade 3 Vitality Dissolvent,10
Grade 3 Intelligence Dissolvent,10
Grade 3 Mind Dissolvent,10
Blank Grade 1 Orchestrion Roll,9
Blank Grade 2 Orchestrion Roll,20
Blank Grade 3 Orchestrion Roll,40
High Mythrite Nugget,34
Griffin Leather Strap,43
Sewing Thread,44
Beastkin Horn,3
Gnomefish,1
Priestfish,1
Coerthan Oyster,1
Mountain Kraken,1
Faded Copy of Another Round,1
Faded Copy of Painted Foothills,1
Faded Copy of Lost in the Clouds,2
Faded Copy of The Only Path,1
Faded Copy of A World Apart,1
Faded Copy of Blood for Blood,1
Faded Copy of Starved,1
Faded Copy of Riptide,1
Faded Copy of Dark Vows,1
Faded Copy of The Dark's Embrace,1
Faded Copy of A Light in the Storm,1
Faded Copy of Imagination,1
Faded Copy of Down the Up Staircase,1
Faded Copy of The Scars of Battle,1
Faded Copy of The Maker's Ruin,1
Faded Copy of Primal Judgment,1
Faded Copy of Fallen Angel,1
Faded Copy of Under the Weight,1
Faded Copy of Heroes,1
Faded Copy of Fiend,1
Faded Copy of Hubris,1
Faded Copy of Tumbling Down,2
Faded Copy of Out of the Labyrinth,1
Faded Copy of Now I Know the Truth,2
Faded Copy of Blind to the Dark,1
Faded Copy of Hunger,2
Faded Copy of Thunderer,2
Faded Copy of Rise of the White Raven,2
Faded Copy of From the Ashes,1
Faded Copy of Answers,1
Antique Rug,5
Antique Leather,7
Tincalconite,4
Dinosaur Fossil,3
Galvanized Garlond Steel,1
Faust Armor Plating,1
Powdered Merman Horn,10
Lumythrite Sand,39
Whitefrost Cotton Boll,60
Old-growth Camphorwood Log,88
Allagan Aetherstone - Weaponry,15
Allagan Aetherstone - Headgear,6
Allagan Aetherstone - Body Gear,6
Allagan Aetherstone - Hand Gear,6
Allagan Aetherstone - Leg Gear,6
Allagan Aetherstone - Foot Gear,6
High Allagan Aetherstone - Weaponry,14
High Allagan Aetherstone - Headgear,6
High Allagan Aetherstone - Body Gear,6
High Allagan Aetherstone - Hand Gear,6
High Allagan Aetherstone - Leg Gear,6
High Allagan Aetherstone - Foot Gear,6
Luminous Fiber,57
Meteorite,58
Crystallized Sap,58
Light-kissed Aethersand,58
Glass Fiber,65
Heavensegg,6
Nidhogg's Scale,18
Fake Kupo Nut Materials,1
Horn Component Materials,1
Moogle Tool Component Materials,1
Statue Supplies Materials,1
Tablet Supplies Materials,1
Training Supplies Materials,1
Construction Component Materials,1
Foundation Component Materials,1
Basket Component Materials,1
Wall Repair Supplies Materials,1
Gathering Tool Component Materials,1
Veneer Component Materials,1
Aetheric Shielding Materials,1
Stonemasonry Supplies Materials,1
Exploding Kupo Nut Materials,1
Austere Offering Materials,1
Shearing Machine Component Materials,1
Water Filter Component Materials,1
Mogstew Miscellany Materials,1
Moogle Statuette Materials,1
Makeshift Toy Airship Materials,1
Dragonscale Rasp Materials,1
Cloudfish Tackle Materials,1
Ishgardian Cuisine Miscellany Materials,1
Treadwheel Crane Component Materials,1
Moogle Mollifier Materials,1
Faded Copy of Against the Wind,2
Faded Copy of Landlords,2
Faded Copy of Missing Pages,2
Faded Copy of Wreck to the Seaman,1
Faded Copy of Through the Maelstrom,1
Faded Copy of Good King Moggle Mog XII,1
Faded Copy of Revenge of the Horde,1
Faded Copy of Battle on the Big Bridge,1
Faded Copy of Engage,1
Neo Aetherstone - Headgear,7
Neo Aetherstone - Body Gear,7
Neo Aetherstone - Hand Gear,7
Neo Aetherstone - Leg Gear,7
Neo Aetherstone - Foot Gear,7
Pellitory,4
Viola Seeds,1
Red Violas,1
Blue Violas,2
Yellow Violas,1
Green Violas,1
Orange Violas,1
Purple Violas,1
White Violas,1
Black Violas,1
Rainbow Violas,1
Potting Soil,3
Heavy Metal Ingot,25
Scintillant Ingot,41
Star Velvet,43
Hemicyon Leather,23
Star Cotton Boll,44
Brown Mushroom,2
Noble Sage,5
Tungstite,26
Luminium Ore,42
Zeolite Ore,67
Titanium Carbide,26
Scintillant Nugget,42
Invisible Silk,44
Hemicyon Hide,24
Goblacquer,18
Goblinol,67
Demicrystal,64
Sweet Cream Milk,3
Stone Cheese,3
Faded Copy of Footsteps in the Snow,1
Faded Copy of Oblivion,1
Faded Copy of Thunder Rolls,1
Faded Copy of Equilibrium,1
Sophic Bead Fragment,18
Alexander Exoplating,1
Wool Top,5
New World Macrame,5
Tempered Glass,6
Red Cherry Blossoms,1
Blue Cherry Blossoms,1
Yellow Cherry Blossoms,1
Green Cherry Blossoms,1
Orange Cherry Blossoms,1
Purple Cherry Blossoms,1
White Cherry Blossoms,1
Black Cherry Blossoms,1
Pink Cherry Blossoms,1
Cloud Acorn,1
Near Eastern Antique Component,1
Coerthan Souvenir Component,1
Maelstrom Materiel Component,1
Cloud Mythril Ingot,22
Stormcloud Cotton Cloth,13
Peteinosaur Leather,28
Cloud Mythril Ore,23
Stormcloud Cotton Boll,14
Zurvanite Carapace Fragment,2
Void Matter,2
Flannel,4
Peteinosaur,29
Faded Copy of The Corpse Hall,1
Faded Copy of Limitless Blue,1
Faded Copy of Woe That Is Madness,1
Faded Copy of The Hand That Gives the Rose,1
Faded Copy of Unbending Steel,1
Faded Copy of Infinity,1
Near Eastern Antique Component Materials,2
Coerthan Souvenir Component Materials,2
Maelstrom Materiel Component Materials,2
Heartfelt Gift Component,1
Orphanage Donation Component,1
Heartfelt Gift Component Materials,2
Orphanage Donation Component Materials,2
Faded Copy of Revelation,1
Faded Copy of Beauty's Wicked Wiles,1
Dressing Case Materials,1
Pipe Box Materials,1
Partition Materials,1
Teahouse Bench Materials,1
Shortsword Materials,1
Rusted Iron Scrap,1
Guild-forged Ingot,1
Uchigatana Materials,1
Plate Mail Materials,1
Kote Materials,1
Somen Materials,1
Hara-ate Materials,1
Ring Materials,1
Eyewear Materials,1
Chronometer Materials,1
Orchestrion Materials,1
Hengr Dhalmel Hide,1
Velodyna Grizzly Bear Hide,1
Jacket Materials,1
Large Gagana Skin,1
Bustle Materials,1
Spring Dress Materials,1
Bustier Materials,1
Hagoromo Materials,1
Electuary Ingredients,1
Juice Ingredients,1
Luminol Ingredients,1
Dissolvent Ingredients,1
Rice Ball Ingredients,1
Broth Ingredients,1
Sushi Ingredients,1
Sukiyaki Ingredients,1
Red Daisies,1
Blue Daisies,1
Yellow Daisies,1
Green Daisies,1
Orange Daisies,1
Purple Daisies,1
White Daisies,1
Black Daisies,1
Rainbow Daisies,1
Blade of Revelry,3
Blissful Shroud,3
Steppe Tea,1
Tea Brick,3
Gyr Abanian Flour,14
Firm Tofu,5
Rice Vinegar,6
Beet Sugar,9
Cooking Sake,6
Cottonseed Oil,18
Nigari,10
Algae Salt,8
Koshu Sticky Rice,9
Buckwheat Kernels,4
Loquat,4
Othardian Plum,1
Kudzu Root,10
Doman Eggplant,4
Daikon Radish,8
Sugar Beet,11
Jhammel Ginger,6
Gyr Abanian Carrot,8
Green Leek,7
Bamboo Shoot,2
Mountain Popoto,6
Soybeans,6
Shiitake Mushroom,6
Cumin Seeds,6
Lotus Root,4
Sun Cabbage,4
Fennel,6
Gyr Abanian Wheat,15
Persimmon,182
Persimmon Leaf,3
Gyr Abanian Mineral Water,227
Crescent Spring Water,314
Dzo Chuck,5
Hornbill Tenderloin,1
Jhammel Haunch,2
Koshu Pork,4
Gagana Egg,14
Steppe Milk,8
Ama Nori,3
Ruby Tide Kelp,2
Gem Algae,9
Grade 1 Reisui of Strength,54
Grade 1 Reisui of Dexterity,54
Grade 1 Reisui of Vitality,35
Grade 1 Reisui of Intelligence,35
Grade 1 Reisui of Mind,35
Grade 2 Reisui of Strength,19
Grade 2 Reisui of Dexterity,19
Grade 2 Reisui of Vitality,14
Grade 2 Reisui of Intelligence,13
Grade 2 Reisui of Mind,13
Enchanted Koppranickel Ink,6
Enchanted Durium Ink,6
Enchanted Palladium Ink,25
Growth Formula Eta,3
Growth Formula Theta,2
Beetle Glue,54
Ala Mhigan Salt Crystal,88
Pine Resin,81
Persimmon Tannin,178
Gyr Abanian Alumen,225
Yanxian Parsley,114
Alyssum,113
Nagxian Cudweed,80
Chickweed,77
Nipplewort,77
Windtea Leaves,4
Holy Basil,221
Hallowed Basil,83
Muud Suud Horn,10
Gazelle Horn,7
Dzo Horn,3
Moth Scales,66
Bombfish Spine,1
Rhino Beetle Carapace,55
Beech Lumber,44
Larch Lumber,32
Persimmon Lumber,48
Zelkova Lumber,50
Torreya Lumber,42
Beech Log,45
Larch Log,40
Persimmon Log,49
Zelkova Log,51
Torreya Log,43
Scarlet Urushi,43
Koppranickel Nugget,224
High Steel Nugget,218
Koppranickel Ingot,58
High Steel Ingot,98
Durium Nugget,213
Oroshigane Ingot,198
Durium Ingot,78
Tama-hagane Ingot,118
Palladium Nugget,227
Molybdenum Ingot,127
Palladium Ingot,66
Chromite Ingot,62
Koppranickel Sand,396
Koppranickel Ore,150
Durium Sand,215
Doman Iron Ore,199
Durium Ore,79
Doman Iron Sand,119
Palladium Sand,247
Molybdenum Ore,128
Palladium Ore,67
Chromite Ore,99
Domacoat,67
Bone Charcoal,63
Triphane,39
Kyanite,18
Star Spinel,42
Azurite,33
Imperial Jade,40
Rhodonite,38
Raw Triphane,40
Raw Kyanite,19
Raw Star Spinel,43
Raw Azurite,34
Raw Imperial Jade,41
Raw Rhodonite,39
Bloodhempen Cloth,65
Bloodhempen Yarn,157
Bloodhemp,158
Ruby Cotton Cloth,52
Ruby Cotton Yarn,137
Ruby Cotton Boll,157
Kudzu Cloth,52
Kudzu Thread,74
Kudzu Vine,75
Steppe Serge,66
Worsted Yarn,105
Halgai Mane,127
Manzasiri Hair,113
Twinsilk,61
Twinthread,175
Twincoon,176
Rhea Cloth,25
Rhea,26
Doman Weave,26
Gagana Leather,88
Gyuki Leather,65
Tiger Leather,72
Marid Leather,86
Gazelle Leather,86
True Griffin Leather,44
Gagana Skin,90
Gyuki Hide,66
Tiger Skin,73
Marid Hide,87
Gazelle Hide,87
True Griffin Hide,45
Forbidden Wax,45
Diatomite,218
Slate,32
Slate Whetstone,29
Perlite,3
Almandine,21
Dusklight Aethersand,14
Dawnlight Aethersand,172
Everbright Aethersand,60
Everborn Aethersand,78
Everdeep Aethersand,54
Zekki Grouper,1
Heather Charr,1
Lordly Salmon,2
Doman Eel,1
Corpse-eater,1
Horned Turban,1
Gauntlet Crab,1
Swordtip,1
Yanxian Tiger Prawn,4
Steppe Bullfrog,1
Amberjack,1
River Clam,1
Carpenter Crab,1
Spiny Lobster,2
River Bream,1
Ivory Sole,1
Motley Beakfish,1
Nagxian Silk,2
Ratanhia Leaves,1
Taoist's Wool,3
Nagxian Leather,3
Hingan Chochin Lantern,1
Cloudsbreath,2
Royal Fern,8
Red Brightlilies,1
Blue Brightlilies,1
Yellow Brightlilies,1
Green Brightlilies,1
Orange Brightlilies,1
Purple Brightlilies,1
White Brightlilies,1
Black Brightlilies,1
Rainbow Brightlilies,1
Gyr Abanian Alchemic,190
Ala Mhigan Burdet,11
Snailfish Oil,11
Gyr Abanian Spring Water,100
Azim Cotton Boll,12
Secret Recipe Broth,5
Shinryu's Scale,21
Gyr Abanian Souvenir Component,1
Far Eastern Antique Component,1
Gold Saucer Consolation Prize Component,1
M Tribe Sundry Component,1
Resistance Materiel Component,1
Gyr Abanian Souvenir Component Materials,2
Far Eastern Antique Component Materials,2
Gold Saucer Consolation Prize Component Materials,2
M tribe Sundry Component Materials,2
Resistance Materiel Component Materials,2
Snailfish,12
Hannish Wool,1
Thavnairian Wool,2
Faded Copy of The Worm's Tail,2
Crimson Pepper,6
Royal Dowager Tea Set,1
Red Tulips,1
Blue Tulips,1
Yellow Tulips,2
Green Tulips,1
Orange Tulips,1
Purple Tulips,1
White Tulips,1
Black Tulips,1
Rainbow Tulips,1
Aurelia Polyp,1
Byakko's Mane,4
Alpha's Feather,1
Usuginu Octopus,1
Thavnairian Resin,60
Thavnairian Abrasive,42
Thavnairian Cotton,41
Thavnairian Alumen,52
Thavnairian Adhesive,40
Nightsteel Ore,42
Silvergrace Ore,60
Black Willow Log,40
Hingan Flax,41
Ground Sloth Pelt,52
Grade 3 Reisui of Strength,19
Grade 3 Reisui of Dexterity,19
Grade 3 Reisui of Vitality,14
Grade 3 Reisui of Intelligence,13
Grade 3 Reisui of Mind,13
Nightsteel Ingot,41
Silvergrace Ingot,59
Black Willow Lumber,39
Ground Sloth Leather,51
Dzo Sirloin,1
Doman Rice,1
Crimson Coral,1
Colossus Slab,1
Honeydew Honey,2
Holy Linen,1
Ala Mhigan Weave,1
Faded Copy of the Jade Stoa,2
True Linen,40
Cracked Hanya Mask,1
Red Dahlias,1
Blue Dahlias,1
Yellow Dahlias,1
Green Dahlias,1
Orange Dahlias,1
Purple Dahlias,1
White Dahlias,1
Black Dahlias,1
Rainbow Dahlias,1
Happi Component Materials,1
Altar Component Materials,1
Mikoshi Frippery Materials,1
Ceremonial Bow Component Materials,1
Effigy Component Materials,1
Finery Component Materials,1
Ritual Component Materials,1
Brazier Component Materials,1
Uchiwa Component Materials,1
Trinket Component Materials,1
Catfish Lure Component Materials,1
Azim Steppe Souvenir Component Materials,1
Hingan Ritual Paraphernalia Materials,1
Dzo Shear Component Materials,1
Buuz Cooking Paraphernalia Materials,1
Mol Tea Ceremony Paraphernalia Materials,1
Stable Supply Materials,1
Drum Part Materials,1
Confetti-making Tool Materials,1
Substitute Offering Materials,1
Steeping Accessory Materials,1
Pristine Fruit Figurine Materials,1
Land Diving Gear Materials,1
Culinary Knife Component Materials,1
Generous Gift Materials,1
Korrigan Doll Materials,1
Gyr Abanian Remedy Components,1
Harpoon Components,1
Cold-weather Gear Components,1
Sui-no-Sato Special Components,1
Cloud Pearl Components,1
Raw Medicinal Materials,2
Raw Harpoon Materials,2
Raw Cold-weather Gear Materials,2
Raw Sui-no-Sato Special Materials,2
Raw Cloud Pearl Materials,2
Elixir Mixing Paraphernalia Materials,1
Stormsap,43
Hawk's Eye,30
Hardened Veteran Tree Sap,13
Kingcraft Demimateria,41
Duskglow Aethersand,131
Hawk's Eye Sand,29
Veteran Tree Sap,12
Celestial Kimono Remnant,2
Wooden Hakutaku Eye,1
Burning Hakutaku Eye,1
Earthen Hakutaku Eye,1
Golden Hakutaku Eye,1
Damp Hakutaku Eye,1
Marine Wax Ester,1
Empyrean Pine Log,4
Empyrean Clay,3
Faded Copy of Under the Moonlight,2
Faded Copy of Ambient Abyss,1
Lizard Tail,1
Reishi Mushroom,1
Pagos Spring Water,1
Pagos Sage,1
Oroniri Cloth,1
Dotharli Cloth,1
Cloth Cointe Quaint,3
Leather Cointe Quaint,2
Boutique Batiste,3
Boutique Boarded Leather,2
Crystal Boule,1
Scarlet Tailfeather,3
Red Arums,1
Blue Arums,1
Yellow Arums,1
Green Arums,1
Orange Arums,1
Purple Arums,1
White Arums,1
Black Arums,1
Rainbow Arums,1
Gyr Abanian Ore,30
Evergleam Ore,48
Urunday Log,17
Yanxian Cotton Boll,18
Procoptodon Skin,42
Gyr Abanian Carbon Rods,48
Tatara Iron Sand,30
Stardust Cotton Yarn,18
Gyr Abanian Wax,42
High-gloss Urushi,17
Chigusa Ingot,29
Evergleam Ingot,47
Urunday Lumber,16
Procoptodon Leather,41
Stardust Cotton Cloth,17
Azim Spring Water,88
Grade 4 Reisui of Strength,19
Grade 4 Reisui of Dexterity,19
Grade 4 Reisui of Vitality,14
Grade 4 Reisui of Intelligence,13
Grade 4 Reisui of Mind,13
Rooibos Leaves,1
Reunion Cheese,2
Faded Copy of Sunrise,1
Whisperfine Fleece,3
Emerald Crystal Boule,1
Cerulean Crystal Boule,1
Red Lilies of the Valley,1
Blue Lilies of the Valley,1
Yellow Lilies of the Valley,1
Green Lilies of the Valley,1
Orange Lilies of the Valley,1
Purple Lilies of the Valley,1
White Lilies of the Valley,1
Black Lilies of the Valley,1
Rainbow Lilies of the Valley,1
Ishgardian Culinary Materials,1
Juice Fermenting Supplies,1
Signature Buuz Cookware Materials,1
Decorative Tavern Furnishing Materials,1
Arkhi Brewing Vat Materials,1
Raw Ishgardian Materials,2
Raw Fermenting Supplies,2
Raw Steppe Cookware Materials,2
Raw Tavern Furnishing Materials,2
Raw Brewing Vat Materials,2
Seiryu's Scale,3
Waterproof Cloth,3
Salvaged Coinage,1
Kamacite Ore,1
Faded Copy of From the Dragon's Wake,1
Cryptomeria Log,1
Pure Titanium Ore,1
Intricate Censer Materials,1
Enchanting Ring Materials,1
Workshop Sign Materials,1
Lute Modification Component Materials,1
Sweets Ingredients,1
Zun Culinary Components,1
Messy Dishes,2
Ruby Crystal Boule,1
Red Hydrangeas,1
Blue Hydrangeas,1
Yellow Hydrangeas,1
Green Hydrangeas,1
Orange Hydrangeas,1
Purple Hydrangeas,1
White Hydrangeas,1
Black Hydrangeas,1
Rainbow Hydrangeas,1
Rose Shrimp,2
Spearhead Squid,4
Maneater Clam,1
Sweetflesh Oyster,2
Platinum Bream,1
Megapiranha,1
White Oak Log,35
Miracle Apple Log,6
White Ash Log,35
Sandteak Log,30
Lignum Vitae Log,74
Sandalwood Log,16
White Oak Lumber,34
Miracle Apple Lumber,5
White Ash Lumber,33
Sandteak Lumber,28
Lignum Vitae Lumber,73
Sandalwood Lumber,15
Multifaceted Varnish,16
Truegold Sand,133
Truegold Ore,72
Bluespirit Ore,67
Manasilver Sand,77
Titancopper Sand,65
Titancopper Ore,53
Dimythrite Sand,120
Dimythrite Ore,84
Tungsten Ore,56
Prismstone,54
Deepgold Nugget,59
Stonegold Nugget,93
Deepgold Ingot,40
Stonegold Ingot,49
Manasilver Nugget,71
Bluespirit Tile,66
Titanbronze Nugget,64
Titanbronze Ingot,52
Dwarven Mythril Ingot,83
Dwarven Mythril Nugget,102
Tungsten Steel Ingot,55
Prismatic Ingot,53
Multifaceted Abrasive,56
Multifaceted Resin,54
Hematite,10
Diaspore,22
Lazurite,12
Triplite,29
Petalite,27
Onyx,32
Raw Hematite,11
Raw Diaspore,23
Raw Lazurite,13
Raw Triplite,30
Raw Petalite,28
Raw Onyx,33
Smilodon Skin,48
Green Glider Skin,36
Atrociraptor Skin,70
Zonure Skin,50
Sea Swallow Skin,70
Chalicotherium Skin,35
Smilodon Leather,47
Green Glider Leather,35
Atrociraptor Leather,67
Zonure Leather,49
Sea Swallow Leather,69
Chalicotherium Leather,34
Multifaceted Alumen,35
Bright Linen Cloth,44
Bright Linen Yarn,76
Bright Flax,77
Iridescent Silk,30
Iridescent Silk Thread,40
Iridescent Cocoon,41
Pixie Cotton,42
Pixie Floss,53
Pixie Floss Boll,55
Ovim Wool,41
Ovim Wool Yarn,49
Ovim Fleece,50
Dwarven Cotton,92
Dwarven Cotton Thread,98
Dwarven Cotton Boll,99
Ethereal Silk,31
Ethereal Cocoon,32
Multifaceted Cotton Cloth,32
Hoptrap Leaf,209
Silkmoth Scales,18
Growth Formula Iota,5
Enchanted Truegold Ink,6
Grade 1 Strength Alkahest,48
Grade 1 Dexterity Alkahest,48
Grade 1 Vitality Alkahest,30
Grade 1 Intelligence Alkahest,30
Grade 1 Mind Alkahest,30
Enchanted Manasilver Ink,4
Vampire Cup Vine,36
Vampire Vine Sap,30
Starch Glue,17
Extra Effervescent Water,54
Refined Natron,53
Growth Formula Kappa,10
Sweet Alyssum,44
Fernleaf Lavender,31
Enchanted Dimythrite Ink,16
Underground Spring Water,47
Lime Basil,36
Tiger Lily,31
Light Gerbera,46
Grade 2 Strength Alkahest,19
Grade 2 Dexterity Alkahest,20
Grade 2 Vitality Alkahest,15
Grade 2 Intelligence Alkahest,13
Grade 2 Mind Alkahest,13
Multifaceted Alchemic,90
Lorikeet Down,4
Island Wolf Fang,10
Cubus Flesh,4
Hydrozoan Umbrella,3
Hard Mudstone,66
Hard Mudstone Whetstone,65
Volcanic Tuff,110
Tuff Whetstone,109
Chiaroglow Aethersand,12
Scuroglow Aethersand,128
Agedeep Aethersand,79
Agewood Aethersand,73
Ageflow Aethersand,43
Yellow Alumen,272
Purple Carrot,4
Harcot,1
Frantoio,18
Amber Cloves,2
Russet Popoto,8
Curly Parsley,8
Garden Beet,15
Blood Tomato,9
Royal Grapes,7
Night Pepper,11
Mist Spinach,5
Creamtop Mushroom,5
Bomba Rice,3
Pixie Apple,4
Upland Wheat,14
Broad Beans,2
Gianthive Chip,7
Lemonette,12
Peppermint,4
Coffee Beans,2
Frantoio Oil,17
Garden Beet Sugar,13
Squid Ink,3
Upland Wheat Flour,12
Golden Honey,6
Night Vinegar,5
King Salmon,2
Robe Lettuce,2
Kriollo Kukuru Bean,2
Pixieberry,2
Dzo Tenderloin,2
Sheep Casings,4
Rail Tenderloin,5
Lorikeet Egg,7
Ovim Meat,11
Sausage Links,2
Faded Copy of What Angel Wakes Me,1
Faded Copy of Insanity,1
Dancing Wing,2
Immaculate Wingblade,2
Fine Glass Fiber,1
Coarse Saltpeter,7
Crimson Firesand,6
Highland Spring Water,212
Steer Hide,1
Indigo Cloth,2
Fireglass Leather,3
Enchanted Elm Lumber,1
Red Campanulas,1
Blue Campanulas,1
Yellow Campanulas,1
Green Campanulas,1
Orange Campanulas,1
Purple Campanulas,1
White Campanulas,1
Black Campanulas,1
Rainbow Campanulas,1
Flyer Printing Materials,1
Kholusian Cuisine Paraphernalia,1
Honeybee Trappings Materials,1
Airship Fitting Materials,1
Beehive Souvenir Materials,1
Hades's Auracite,2
Alumina Whetstone,21
Pliable Glass Fiber,10
Sandalwood Sap,11
Beryllium Ore,22
Sublime Solution,118
Sweetmeat Mussel,2
Skybuilders' Yew Log,2
Skybuilders' Iron Ore,2
Skybuilders' Fine Sand,2
Skybuilders' Hemp,2
Skybuilders' Ash Log,2
Skybuilders' Rock Salt,2
Skybuilders' Electrum Ore,3
Skybuilders' Iron Sand,3
Skybuilders' Flax,2
Skybuilders' Spring Water,2
Skybuilders' Camphorwood Log,3
Skybuilders' Straw,3
Skybuilders' Hardsilver Ore,3
Skybuilders' Mythrite Sand,3
Skybuilders' Tea Leaves,2
Skybuilders' Dravanian Spring Water,2
Skybuilders' Urunday Log,3
Skybuilders' Nightsteel Ore,2
Skybuilders' Adder,2
Skybuilders' Molybdenum Ore,4
Skybuilders' Horsetail,2
Skybuilders' Ruby Sea Water,3
Skybuilders' Durium Sand,3
Skybuilders' Vine,3
Skybuilders' White Ash Log,3
Skybuilders' Reef Rock,2
Skybuilders' Truegold Ore,3
Skybuilders' Cotton Boll,3
Skybuilders' Dawn Lizard,2
Skybuilders' Wheat,2
Skybuilders' Truegold Sand,2
Skybuilders' Highland Spring Water,3
Skybuilders' Resin,2
Faded Copy of Invincible,1
Shell Leather,4
Skysteel Ingot,34
Skysteel Leather,53
Skysteel Cloth,27
Skybuilders' Cocoon,2
Skybuilders' Sea Salt,2
Skybuilders' Toad,2
Red Hyacinths,1
Blue Hyacinths,1
Yellow Hyacinths,1
Green Hyacinths,1
Orange Hyacinths,1
Purple Hyacinths,1
White Hyacinths,1
Black Hyacinths,1
Rainbow Hyacinths,1
Golden Crystal Boule,1
Ruby Plating,2
Lingonberry,2
Strong Flour,2
Highland Cabbage,2
Platinum Herring,2
Silkie Egg,2
Oddly Specific Petrified Log,2
Oddly Specific Iron Sand,2
Oddly Specific Iron Ore,2
Oddly Specific Uncut Gemstone,2
Oddly Specific Skin,2
Oddly Specific Cotton,2
Oddly Specific Quartz,2
Oddly Specific Seeds,2
Approved Grade 2 Skybuilders' Switch,2
Approved Grade 2 Skybuilders' Hemp,2
Approved Grade 2 Skybuilders' Ore,2
Approved Grade 2 Skybuilders' Copper Sand,2
Approved Grade 2 Skybuilders' Maple Log,2
Approved Grade 2 Skybuilders' Maple Sap,3
Approved Grade 2 Skybuilders' Flax,2
Approved Grade 2 Skybuilders' Zinc Ore,3
Approved Grade 2 Skybuilders' Rock Salt,3
Approved Grade 2 Skybuilders' Iron Sand,3
Approved Grade 2 Skybuilders' Teak Log,2
Approved Grade 2 Skybuilders' Mistletoe,2
Approved Grade 2 Skybuilders' Beehive,2
Approved Grade 2 Skybuilders' Straw,2
Approved Grade 2 Skybuilders' Tea Leaves,2
Approved Grade 2 Skybuilders' Cobalt Ore,3
Approved Grade 2 Skybuilders' Pigment,3
Approved Grade 2 Skybuilders' Asphaltum,2
Approved Grade 2 Skybuilders' Mythril Sand,3
Approved Grade 2 Skybuilders' Mica,3
Approved Grade 2 Skybuilders' Oak Log,2
Approved Grade 2 Skybuilders' Feather,2
Approved Grade 2 Skybuilders' Vine,2
Approved Grade 2 Skybuilders' Toad,2
Approved Grade 2 Skybuilders' Barbgrass,2
Approved Grade 2 Skybuilders' Mythrite Ore,2
Approved Grade 2 Skybuilders' Spring Water,3
Approved Grade 2 Skybuilders' Alumen,3
Approved Grade 2 Skybuilders' Rock,3
Approved Grade 2 Skybuilders' Silex,3
Approved Grade 2 Skybuilders' Walnut Log,3
Approved Grade 2 Skybuilders' Resin,2
Approved Grade 2 Skybuilders' Wheat,2
Approved Grade 2 Skybuilders' Cotton Boll,3
Approved Grade 2 Skybuilders' Adder,2
Approved Grade 2 Skybuilders' Darksteel Ore,2
Approved Grade 2 Skybuilders' Crystal-clear Rock Salt,2
Approved Grade 2 Skybuilders' Cloud Drop Water,3
Approved Grade 2 Skybuilders' Lutinite,2
Approved Grade 2 Skybuilders' Basalt,3
Approved Grade 2 Artisanal Skybuilders' Log,3
Approved Grade 2 Artisanal Skybuilders' Hardened Sap,3
Approved Grade 2 Artisanal Skybuilders' Wheat,2
Approved Grade 2 Artisanal Skybuilders' Cotton Boll,2
Approved Grade 2 Artisanal Skybuilders' Dawn Lizard,2
Approved Grade 2 Artisanal Skybuilders' Cloudstone,2
Approved Grade 2 Artisanal Skybuilders' Rock Salt,3
Approved Grade 2 Artisanal Skybuilders' Spring Water,2
Approved Grade 2 Artisanal Skybuilders' Aurum Regis Sand,2
Approved Grade 2 Artisanal Skybuilders' Jade,3
Approved Grade 2 Skybuilders' Umbral Galewood Log,2
Approved Grade 2 Skybuilders' Umbral Earthcap,2
Approved Grade 2 Skybuilders' Umbral Flarestone,2
Approved Grade 2 Skybuilders' Umbral Levinshard,2
Cobalt Alloy Ingot,34
Purpure Bead,28
Merbau Lumber,31
Duskcourt Cloth,29
Megalania Leather,32
Grade 3 Strength Alkahest,19
Grade 3 Dexterity Alkahest,20
Grade 3 Vitality Alkahest,15
Grade 3 Intelligence Alkahest,13
Grade 3 Mind Alkahest,13
Fireheart Cobalt,35
Dwarven Chromite,35
Purpure Shell Chip,29
Workbench Resin,29
Merbau Log,32
Tempest Adhesive,32
Duskblooms,30
Caprice Fleece,30
Ashen Alumen,33
Megalania Skin,33
Imperial Fern,85
Dried Hi-Ether,5
Apprentice's Practice Materials,3
Sintered Whetstone,1
Cloth-softening Powder,3
Aged Oak Log,1
Faded Copy of <Emphasis>Ultima (The Primals)</Emphasis>,1
